<beans xmlns="http://www.springframework.org/schema/beans"
    xmlns:xsi="http://www.w3.org/2001/XMLSchema-instance" xmlns:context="http://www.springframework.org/schema/context"
    xmlns:mvc="http://www.springframework.org/schema/mvc"
    xsi:schemaLocation="http://www.springframework.org/schema/beans http://www.springframework.org/schema/beans/spring-beans.xsd
    http://www.springframework.org/schema/context http://www.springframework.org/schema/context/spring-context.xsd
    http://www.springframework.org/schema/mvc http://www.springframework.org/schema/mvc/spring-mvc.xsd">
 
       <context:component-scan base-package="com.studentDtls.controller" />
  
       
    <mvc:annotation-driven />

      
      
    <!-- JSON Support -->
    <bean name="viewResolver" class="org.springframework.web.servlet.view.InternalResourceViewResolver">
    <property name="prefix" value="/WEB-INF/"></property>
    <property name="suffix" value=".jsp"></property>
    </bean>
     <!-- <bean name="jsonTemplate" class="org.springframework.web.servlet.view.json.MappingJackson2JsonView"/> -->
   
   
   <!-- Initialization for data source -->
   <bean id="dataSource" 
      class="org.springframework.jdbc.datasource.DriverManagerDataSource">
      <property name="driverClassName" value="oracle.jdbc.OracleDriver"/>
      <property name="url" value="jdbc:oracle:thin:@localhost:1521:XE"/>
      <property name="username" value="system"/>
      <property name="password" value="Vishal21"/>
   </bean>

   <!-- Definition for studentJDBCTemplate bean -->
   
   <bean id="studentsDtlsServiceImpl" 
      class="com.studentDtls.service.StudentsDtlsServiceImpl">
      </bean>
   <bean id="studentsDtlsDaoImpl" 
      class="com.studentDtls.dao.StudentsDtlsDaoImpl">
      <property name="dataSource"  ref="dataSource" /> 
      </bean>
   
    </beans>